{
    "name": "GSR",
    "description": "Oscilloghaph",
    "version": "0.0.1",
    "keywords": [
        "measurement",
        "current",
        "voltage",
        "power",
        "Electronic"
    ],
    "main": "src/GSR.html",
    "window": {
        "title": "GSR",
        "icon": "src/img/graph_5910.png",
        "toolbar": false,
        "width": 960,
        "height": 500,
        "position": "mouse",
        "min_width": 960,
        "min_height": 500,
        "max_width": 4000,
        "max_height": 3200,
        "resizable": true,
        "frame": false
    },
    "webkit": {
        "plugin": false
    }
}
